,name,city,state
0,NorthGate Brewing ,Minneapolis,Minestota
1,Against the Grain Brewery,Louisville,Kentucky
2,Jack's Abby Craft Lagers,Framingham,Massachusetts
3,Mike Hess Brewing Company,San Diego,California
4,Fort Point Beer Company,San Francisco,California
5,COAST Brewing Company,Charleston,South Carolina
6,Great Divide Brewing Company,Denver,Colorado
7,Tapistry Brewing,Bridgman,Michigan
8,Big Lake Brewing,Holland,Michigan
9,The Mitten Brewing Company,Grand Rapids,Michigan
10,Brewery Vivant,Grand Rapids,Michigan
11,Petoskey Brewing,Petoskey,Michigan
12,Blackrocks Brewery,Marquette,Michigan
13,Perrin Brewing Company,Comstock Park,Michigan
14,Witch's Hat Brewing Company,South Lyon,Michigan
15,Founders Brewing Company,Grand Rapids,Michigan
16,Flat 12 Bierwerks,Indianapolis,Indiana
17,Tin Man Brewing Company,Evansville,Indiana
18,Black Acre Brewing Co.,Indianapolis,Indiana
19,Brew Link Brewing,Plainfield,Indiana
20,Bare Hands Brewery,Granger,Indiana
21,Three Pints Brewing,Martinsville,Indiana
22,Four Fathers Brewing ,Valparaiso,Indiana
23,Indiana City Brewing,Indianapolis,Indiana
24,Burn 'Em Brewing,Michigan City,Indiana
25,Sun King Brewing Company,Indianapolis,Indiana
26,Evil Czech Brewery,Mishawaka,Indiana
27,450 North Brewing Company,Columbus,Indiana
28,Taxman Brewing Company,Bargersville,Indiana
29,Cedar Creek Brewery,Seven Points,Texas
30,SanTan Brewing Company,Chandler,Arizona
31,Boulevard Brewing Company,Kansas City,Missouri
32,James Page Brewing Company,Stevens Point,Wisconsin
33,The Dudes' Brewing Company,Torrance,California
34,Ballast Point Brewing Company,San Diego,California
35,Anchor Brewing Company,San Francisco,California
36,Figueroa Mountain Brewing Company,Buellton,California
37,Avery Brewing Company,Boulder,Colorado
38,Twisted X Brewing Company,Dripping Springs,Texas
39,Gonzo's BiggDogg Brewing,Kalamazoo,Michigan
40,Big Muddy Brewing,Murphysboro,Illinois
41,Lost Nation Brewing,East Fairfield,Vermont
42,Rising Tide Brewing Company,Portland,Maine
43,Rivertowne Brewing Company,Export,Pennsylvania
44,Revolution Brewing Company,Chicago,Illinois
45,Tallgrass Brewing Company,Manhattan,Kansas
46,Sixpoint Craft Ales,Brooklyn,New York
47,White Birch Brewing,Hooksett,New Hampshire
48,Firestone Walker Brewing Company,Paso Robles,California
49,SweetWater Brewing Company,Atlanta,Georgia
50,Flying Mouse Brewery,Troutville,Virginia
51,Upslope Brewing Company,Boulder,Colorado
52,Pipeworks Brewing Company,Chicago,Illinois
53,Bent Brewstillery,Roseville,Minnesota
54,Flesk Brewing Company,Lombard,Illinois
55,Pollyanna Brewing Company,Lemont,Illinois
56,BuckleDown Brewing,Lyons,Illinois
57,Destihl Brewery,Bloomington,Illinois
58,Summit Brewing Company,St. Paul,Minnesota
59,Latitude 42 Brewing Company,Portage,Michigan
60,4 Hands Brewing Company,Saint Louis,Missouri
61,Surly Brewing Company,Brooklyn Center,Minnesota
62,Against The Grain Brewery,Louisville,Kentucky
63,Crazy Mountain Brewing Company,Edwards,Colorado
64,SlapShot Brewing Company,Chicago,Illinois
65,Mikerphone Brewing,Chicago,Illinois
66,Freetail Brewing Company,San Antonio,Texas
67,3 Daughters Brewing,St Petersburg,Florida
68,Red Shedman Farm Brewery and Hop...,Mt. Airy,Maryland
69,Appalachian Mountain Brewery,Boone,North Carolina
70,Birdsong Brewing Company,Charlotte,North Carolina
71,Union Craft Brewing,Baltimore,Maryland
72,Atwater Brewery,Detroit,Michigan
73,Ale Asylum,Madison,Wisconsin
74,Two Brothers Brewing Company,Warrenville,Illinois
75,Bent Paddle Brewing Company,Duluth,Minnesota
76,Bell's Brewery,Kalamazoo,Michigan
77,Blue Owl Brewing,Austin,Texas
78,Speakasy Ales & Lagers,San Francisco,California
79,Black Tooth Brewing Company,Sheridan,Wyoming
80,Hopworks Urban Brewery,Portland,Oregon
81,Epic Brewing,Denver,Colorado
82,New Belgium Brewing Company,Fort Collins,Colorado
83,Sierra Nevada Brewing Company,Chico,California
84,Keweenaw Brewing Company,Houghton,Michigan
85,Brewery Terra Firma,Traverse City,Michigan
86,Grey Sail Brewing Company,Westerly,Rhode Island
87,Kirkwood Station Brewing Company,Kirkwood,Missouri
88,Goose Island Brewing Company,Chicago,Illinois
89,Broad Brook Brewing LLC,East Windsor,Connecticut
90,The Lion Brewery,Wilkes-Barre,Pennsylvania
91,Madtree Brewing Company,Cincinnati,Ohio
92,Jackie O's Pub & Brewery,Athens,Ohio
93,Rhinegeist Brewery,Cincinnati,Ohio
94,Warped Wing Brewing Company,Dayton,Ohio
95,Blackrocks Brewery,Marquette,Massachusetts
96,Catawba Valley Brewing Company,Morganton,North Carolina
97,Tr√∂egs Brewing Company,Hershey,Pennsylvania
98,Mission Brewery,San Diego,California
99,Christian Moerlein Brewing Company,Cincinnati,Ohio
100,West Sixth Brewing,Lexington,Kentucky
101,Coastal Extreme Brewing Company,Newport,Rhode Island
102,King Street Brewing Company,Anchorage,Alaska
103,Beer Works Brewery,Lowell,Massachusetts
104,Lone Tree Brewing Company,Lone Tree,Colorado
105,Four String Brewing Company,Columbus,Ohio
106,Glabrous Brewing Company,Pineland,Maine
107,Bonfire Brewing Company,Eagle,Colorado
108,Thomas Hooker Brewing Company,Bloomfield,Connecticut
109,"Woodstock Inn, Station & Brewery",North Woodstock,New Hampshire
110,Renegade Brewing Company,Denver,Colorado
111,Mother Earth Brew Company,Vista,California
112,Black Market Brewing Company,Temecula,California
113,Vault Brewing Company,Yardley,Pennsylvania
114,Jailbreak Brewing Company,Laurel,Maryland
115,Smartmouth Brewing Company,Norfolk,Virginia
116,Base Camp Brewing Co.,Portland,Oregon
117,Alameda Brewing,Portland,Oregon
118,Southern Star Brewing Company,Conroe,Texas
119,Steamworks Brewing Company,Durango,Colorado
120,Horny Goat Brew Pub,Milwaukee,Wisconsin
121,Cheboygan Brewing Company,Cheboygan,Michigan
122,Center of the Universe Brewing C...,Ashland,Virginia
123,Ipswich Ale Brewery,Ipswich,Massachusetts
124,Griffin Claw Brewing Company,Birmingham,Michigan
125,Karbach Brewing Company,Houston,Texas
126,Uncle Billy's Brewery and Smokeh...,Austin,Texas
127,Deep Ellum Brewing Company,Dallas,Texas
128,Real Ale Brewing Company,Blanco,Texas
129,Straub Brewery,St Mary's,Pennsylvania
130,Shebeen Brewing Company,Wolcott,Connecticut
131,Stevens Point Brewery,Stevens Point,Wisconsin
132,Weston Brewing Company,Weston,Missouri
133,Southern Prohibition Brewing Com...,Hattiesburg,Mississippi
134,Minhas Craft Brewery,Monroe,Wisconsin
135,Pug Ryan's Brewery,Dillon,Colorado
136,Hops & Grains Brewing Company,Austin,Texas
137,Sietsema Orchards and Cider Mill,Ada,Michigan
138,Summit Brewing Company,St Paul,Minnesota
139,Core Brewing & Distilling Company,Springdale,Arkansas
140,Independence Brewing Company,Austin,Texas
141,Cigar City Brewing Company,Tampa,Florida
142,Third Street Brewhouse,Cold Spring,Minnesota
143,Narragansett Brewing Company,Providence,Rhode Island
144,Grimm Brothers Brewhouse,Loveland,Colorado
145,Cisco Brewers,Nantucket,Massachusetts
146,Angry Minnow,Hayward,Wisconsin
147,Platform Beer Company,Cleveland,Ohio
148,Odyssey Beerwerks,Arvada,Colorado
149,Lonerider Brewing Company,Raleigh,North Carolina
150,Oakshire Brewing,Eugene,Oregon
151,Fort Pitt Brewing Company,Latrobe,Pennsylvania
152,Tin Roof Brewing Company,Baton Rouge,Louisiana
153,Three Creeks Brewing,Sisters,Oregon
154,2 Towns Ciderhouse,Corvallis,Oregon
155,Caldera Brewing Company,Ashland,Oregon
156,Greenbrier Valley Brewing Company,Lewisburg,West Virginia
157,Phoenix Ale Brewery,Phoenix,Arizona
158,Lumberyard Brewing Company,Flagstaff,Arizona
159,Uinta Brewing Company,Salt Lake City,Utah
160,Four Peaks Brewing Company,Tempe,Arizona
161,Martin House Brewing Company,Fort Worth,Texas
162,Right Brain Brewery,Traverse City,Michigan
163,Sly Fox Brewing Company,Phoenixville,Pennsylvania
164,Round Guys Brewing,Lansdale,Pennsylvania
165,Great Crescent Brewery,Aurora,Indiana
166,Oskar Blues Brewery,Longmont,Colorado
167,Boxcar Brewing Company,West Chester,Pennsylvania
168,High Hops Brewery,Windsor,Colorado
169,Crooked Fence Brewing Company,Garden City,Idaho
170,Everybody's Brewing,White Salmon,Washington
171,Anderson Valley Brewing Company,Boonville,California
172,Fiddlehead Brewing Company,Shelburne,Vermont
173,Evil Twin Brewing,Brooklyn,New York
174,New Orleans Lager & Ale Brewing ...,New Orleans,Louisiana
175,Spiteful Brewing Company,Chicago,Illinois
176,Rahr & Sons Brewing Company,Fort Worth,Texas
177,18th Street Brewery,Gary,Indiana
178,Cambridge Brewing Company,Cambridge,Massachusetts
179,Carolina Brewery,Pittsboro,North Carolina
180,Frog Level Brewing Company,Waynesville,North Carolina
181,Wild Wolf Brewing Company,Nellysford,Virginia
182,COOP Ale Works,Oklahoma City,Oklahoma
183,Seventh Son Brewing Company,Columbus,Ohio
184,Oasis Texas Brewing Company,Austin,Texas
185,Vander Mill Ciders,Spring Lake,Michigan
186,St. Julian Winery,Paw Paw,Michigan
187,Pedernales Brewing Company,Fredericksburg,Texas
188,Mother's Brewing,Springfield,Missouri
189,Modern Monks Brewery,Lincoln,Nebraska
190,Two Beers Brewing Company,Seattle,Washington
191,Snake River Brewing Company,Jackson,Wyoming
192,Capital Brewery,Middleton,Wisconsin
193,Anthem Brewing Company,Oklahoma City,Oklahoma
194,Goodlife Brewing Co.,Bend,Oregon
195,Breakside Brewery,Portland,Oregon
196,Goose Island Brewery Company,Chicago,Illinois
197,Burnside Brewing Co.,Portland,Oregon
198,Hop Valley Brewing Company,Springfield,Oregon
199,Worthy Brewing Company,Bend,Oregon
200,Occidental Brewing Company,Portland,Oregon
201,Fearless Brewing Company,Estacada,Oregon
202,Upland Brewing Company,Bloomington,Indiana
203,Mehana Brewing Co.,Hilo,Hawaii
204,Hawai'i Nui Brewing Co.,Hilo,Hawaii
205,People's Brewing Company,Lafayette,Indiana
206,Fort George Brewery,Astoria,Oregon
207,Branchline Brewing Company,San Antonio,Texas
208,Kalona Brewing Company,Kalona,Iowa
209,Modern Times Beer,San Diego,California
210,Temperance Beer Company,Evanston,Illinois
211,Wisconsin Brewing Company,Verona,Wisconsin
212,Crow Peak Brewing Company,Spearfish,South Dakota
213,Grapevine Craft Brewery,Farmers Branch,Texas
214,Buffalo Bayou Brewing Company,Houston,Texas
215,Texian Brewing Co.,Richmond,Texas
216,Orpheus Brewing,Atlanta,Georgia
217,Forgotten Boardwalk,Cherry Hill,New Jersey
218,Laughing Dog Brewing Company,Ponderay,Idaho
219,Bozeman Brewing Company,Bozeman,Montana
220,Big Choice Brewing,Broomfield,Colorado
221,Big Storm Brewing Company,Odessa,Florida
222,Carton Brewing Company,Atlantic Highlands,New Jersey
223,Midnight Sun Brewing Company,Anchorage,Alaska
224,Fat Head's Brewery,Middleburg Heights,Ohio
225,Refuge Brewery,Temecula,California
226,Chatham Brewing,Chatham,New York
227,DC Brau Brewing Company,Washington,District of Columbia
228,Geneva Lake Brewing Company,Lake Geneva,Wisconsin
229,Rochester Mills Brewing Company,Rochester,Michigan
230,Cape Ann Brewing Company,Gloucester,Massachusetts
231,Borderlands Brewing Company,Tucson,Arizona
232,College Street Brewhouse and Pub,Lake Havasu City,Arizona
233,Joseph James Brewing Company,Henderson,Nevada
234,Harpoon Brewery,Boston,Massachusetts
235,Back East Brewing Company,Bloomfield,Connecticut
236,Champion Brewing Company,Charlottesville,Virginia
237,Devil's Backbone Brewing Company,Lexington,Virginia
238,Newburgh Brewing Company,Newburgh,New York
239,Wiseacre Brewing Company,Memphis,Tennessee
240,Golden Road Brewing,Los Angeles,California
241,New Republic Brewing Company,College Station,Texas
242,Infamous Brewing Company,Austin,Texas
243,Two Henrys Brewing Company,Plant City,Florida
244,Lift Bridge Brewing Company,Stillwater,Minnesota
245,Lucky Town Brewing Company,Jackson,Mississippi
246,Quest Brewing Company,Greenville,South Carolina
247,Creature Comforts,Athens,Georgia
248,Half Full Brewery,Stamford,Connecticut
249,Southampton Publick House,Southampton,New York
250,Chapman's Brewing,Angola,Indiana
251,Barrio Brewing Company,Tucson,Arizona
252,Santa Cruz Mountain Brewing,Santa Cruz,California
253,Frankenmuth Brewery,Frankenmuth,Michigan
254,Meckley's Cidery,Somerset Center,Michigan
255,Stillwater Artisanal Ales,Baltimore,Maryland
256,Finch's Beer Company,Chicago,Illinois
257,South Austin Brewery,South Austin,Texas
258,Bauhaus Brew Labs,Minneapolis,Minnesota
259,Ozark Beer Company,Rogers,Arkansas
260,Mountain Town Brewing Company ,Mount Pleasant,Michigan
261,Otter Creek Brewing,Waterbury,Vermont
262,The Brewer's Art,Baltimore,Maryland
263,Denver Beer Company,Denver,Colorado
264,Ska Brewing Company,Durango,Colorado
265,Tractor Brewing Company,Albuquerque,New Mexico
266,Peak Organic Brewing Company,Portland,Maine
267,Cape Cod Beer,Hyannis,Massachusetts
268,Long Trail Brewing Company,Bridgewater Corners,Vermont
269,Great Raft Brewing Company,Shreveport,Louisiana
270,Alaskan Brewing Company,Juneau,Alaska
271,Notch Brewing Company,Ipswich,Massachusetts
272,The Alchemist,Waterbury,Vermont
273,Three Notch'd Brewing Company,Charlottesville,Virginia
274,Portside Brewery,Cleveland,Ohio
275,Otter Creek Brewing,Middlebury,Vermont
276,Montauk Brewing Company,Montauk,New York
277,Indeed Brewing Company,Minneapolis,Minnesota
278,Berkshire Brewing Company,South Deerfield,Massachusetts
279,Foolproof Brewing Company,Pawtucket,Rhode Island
280,Headlands Brewing Company,Mill Valley,California
281,Bolero Snort Brewery,Ridgefield Park,New Jersey
282,Thunderhead Brewing Company,Kearney,Nebraska
283,Defiance Brewing Company,Hays,Kansas
284,Milwaukee Brewing Company,Milwaukee,Wisconsin
285,Catawba Island Brewing,Port Clinton,Ohio
286,Back Forty Beer Company,Gadsden,Alabama
287,Four Corners Brewing Company,Dallas,Texas
288,Saint Archer Brewery,San Diego,California
289,Rogue Ales,Newport,Oregon
290,Hale's Ales,Seattle,Washington
291,Tommyknocker Brewery,Idaho Springs,Colorado
292,Baxter Brewing Company,Lewiston,Maine
293,Northampton Brewery,Northamtpon,Massachusetts
294,Black Shirt Brewing Company,Denver,Colorado
295,Wachusett Brewing Company,Westminster,Massachusetts
296,Widmer Brothers Brewing Company,Portland,Oregon
297,Hop Farm Brewing Company,Pittsburgh,Pennsylvania
298,Liquid Hero Brewery,York,Pennsylvania
299,Matt Brewing Company,Utica,New York
300,Boston Beer Company,Boston,Massachusetts
301,Old Forge Brewing Company,Danville,Pennsylvania
302,Utah Brewers Cooperative,Salt Lake City,Utah
303,Magic Hat Brewing Company,South Burlington,Vermont
304,Blue Hills Brewery,Canton,Massachusetts
305,Night Shift Brewing,Everett,Massachusetts
306,Beach Brewing Company,Virginia Beach,Virginia
307,Payette Brewing Company,Garden City,Idaho
308,Brew Bus Brewing,Tampa,Florida
309,Sockeye Brewing Company,Boise,Idaho
310,Pine Street Brewery,San Francisco,California
311,Dirty Bucket Brewing Company,Woodinville,Washington
312,Jackalope Brewing Company,Nashville,Tennessee
313,Slanted Rock Brewing Company,Meridian,Idaho
314,Piney River Brewing Company,Bucryus,Missouri
315,Cutters Brewing Company,Avon,Indiana
316,Iron Hill Brewery & Restaurant,Wilmington,Delaware
317,Marshall Wharf Brewing Company,Belfast,Maine
318,Banner Beer Company,Williamsburg,Massachusetts
319,Dick's Brewing Company,Centralia,Washington
320,Claremont Craft Ales,Claremont,California
321,Rivertown Brewing Company,Lockland,Ohio
322,Voodoo Brewery,Meadville,Pennsylvania
323,D.L. Geary Brewing Company,Portland,Maine
324,Pisgah Brewing Company,Black Mountain,North Carolina
325,Neshaminy Creek Brewing Company,Croydon,Pennsylvania
326,Morgan Street Brewery,Saint Louis,Missouri
327,Half Acre Beer Company,Chicago,Illinois
328,The Just Beer Project,Burlington,Vermont
329,The Bronx Brewery,Bronx,New York
330,Dead Armadillo Craft Brewing,Tulsa,Oklahoma
331,Catawba Brewing Company,Morganton,North Carolina
332,La Cumbre Brewing Company,Albuquerque,New Mexico
333,David's Ale Works,Diamond Springs,California
334,The Traveler Beer Company,Burlington,Vermont
335,Fargo Brewing Company,Fargo,North Dakota
336,Big Sky Brewing Company,Missoula,Montana
337,Nebraska Brewing Company,Papillion,Nebraska
338,Uncle John's Fruit House Winery,St. John's,Michigan
339,Wormtown Brewery,Worcester,Massachusetts
340,Due South Brewing Company,Boynton Beach,Florida
341,Palisade Brewing Company,Palisade,Colorado
342,KelSo Beer Company,Brooklyn,New York
343,Hardywood Park Craft Brewery,Richmond,Virginia
344,Wolf Hills Brewing Company,Abingdon,Virginia
345,Lavery Brewing Company,Erie,Pennsylvania
346,Manzanita Brewing Company,Santee,California
347,Fullsteam Brewery,Durham,North Carolina
348,Four Horsemen Brewing Company,South Bend,Indiana
349,Hinterland Brewery,Green Bay,Wisconsin
350,Central Coast Brewing Company,San Luis Obispo,California
351,Westfield River Brewing Company,Westfield,Massachusetts
352,Elevator Brewing Company,Columbus,Ohio
353,Aslan Brewing Company,Bellingham,Washington
354,Kulshan Brewery,Bellingham,Washington
355,Pikes Peak Brewing Company,Monument,Colorado
356,Manayunk Brewing Company,Philadelphia,Pennsylvania
357,Buckeye Brewing,Cleveland,Ohio
358,Daredevil Brewing Company,Shelbyville,Indiana
359,NoDa Brewing Company,Charlotte,North Carolina
360,Aviator Brewing Company,Fuquay-Varina,North Carolina
361,Wild Onion Brewing Company,Lake Barrington,Illinois
362,Hilliard's Beer,Seattle,Washington
363,Mikkeller,Pottstown,Pennsylvania
364,Bohemian Brewery,Midvale,Utah
365,Great River Brewery,Davenport,Iowa
366,Mustang Brewing Company,Mustang,Oklahoma
367,Airways Brewing Company,Kent,Washington
368,21st Amendment Brewery,San Francisco,California
369,Eddyline Brewery & Restaurant,Buena Vista,Colorado
370,Pizza Port Brewing Company,Carlsbad,California
371,Sly Fox Brewing Company,Pottstown,Pennsylvania
372,Spring House Brewing Company,Conestoga,Pennsylvania
373,7venth Sun,Dunedin,Florida
374,Astoria Brewing Company,Astoria,Oregon
375,Maui Brewing Company,Lahaina,Hawaii
376,RoughTail Brewing Company,Midwest City,Oklahoma
377,Lucette Brewing Company,Menominee,Wisconsin
378,Bold City Brewery,Jacksonville,Florida
379,Grey Sail Brewing of Rhode Island,Westerly,Rhode Island
380,Blue Blood Brewing Company,Lincoln,Nebraska
381,Swashbuckler Brewing Company,Manheim,Pennsylvania
382,Blue Mountain Brewery,Afton,Virginia
383,Starr Hill Brewery,Crozet,Virginia
384,Westbrook Brewing Company,Mt. Pleasant,South Carolina
385,Shipyard Brewing Company,Portland,Maine
386,Revolution Brewing,Paonia,Colorado
387,Natian Brewery,Portland,Oregon
388,Alltech's Lexington Brewing Company,Lexington,Kentucky
389,Oskar Blues Brewery (North Carol...,Brevard,North Carolina
390,Orlison Brewing Company,Airway Heights,Washington
391,Breckenridge Brewery,Denver,Colorado
392,Santa Fe Brewing Company,Santa Fe,New Mexico
393,Miami Brewing Company,Miami,Florida
394,Schilling & Company,Seattle,Washington
395,Hops & Grain Brewery,Austin,Texas
396,White Flame Brewing Company,Hudsonville,Michigan
397,Ruhstaller Beer Company,Sacramento,California
398,Saugatuck Brewing Company,Douglas,Michigan
399,Moab Brewery,Moab,Utah
400,Macon Beer Company,Macon,Georgia
401,Amnesia Brewing Company,Washougal,Washington
402,Wolverine State Brewing Company,Ann Arbor,Michigan
403,Red Tank Cider Company,Bend,Oregon
404,Cascadia Ciderworks United,Portland,Oregon
405,Fate Brewing Company,Boulder,Colorado
406,Lazy Monk Brewing,Eau Claire,Wisconsin
407,Bitter Root Brewing,Hamilton,Montana
408,10 Barrel Brewing Company,Bend,Oregon
409,Tamarack Brewing Company,Lakeside,Montana
410,New England Brewing Company,Woodbridge,Connecticut
411,Seattle Cider Company,Seattle,Washington
412,Straight to Ale,Huntsville,Alabama
413,Austin Beerworks,Austin,Texas
414,Blue Mountain Brewery,Arrington,Virginia
415,Coastal Empire Beer Company,Savannah,Georgia
416,Jack's Hard Cider (Hauser Estate...,Biglerville,Pennsylvania
417,Boulder Beer Company,Boulder,Colorado
418,Coalition Brewing Company,Portland,Oregon
419,Sanitas Brewing Company,Boulder,Colorado
420,Gore Range Brewery,Edwards,Colorado
421,Redstone Meadery,Boulder,Colorado
422,Blue Dog Mead,Eugene,Oregon
423,Hess Brewing Company,San Diego,California
424,Wynkoop Brewing Company,Denver,Colorado
425,Ciderboys,Stevens Point,Wisconsin
426,Armadillo Ale Works,Denton,Texas
427,Roanoke Railhouse Brewery,Roanoke,Virginia
428,Schlafly Brewing Company,Saint Louis,Missouri
429,Asher Brewing Company,Boulder,Colorado
430,Lost Rhino Brewing Company,Ashburn,Virginia
431,North Country Brewing Company,Slippery Rock,Pennsylvania
432,Seabright Brewery,Santa Cruz,California
433,French Broad Brewery,Asheville,North Carolina
434,Angry Orchard Cider Company,Cincinnati,Ohio
435,Two Roads Brewing Company,Stratford,Connecticut
436,Southern Oregon Brewing Company,Medford,Oregon
437,Brooklyn Brewery,Brooklyn,New York
438,The Right Brain Brewery,Traverse City,Michigan
439,Kona Brewing Company,Kona,Hawaii
440,MillKing It Productions,Royal Oak,Michigan
441,Pateros Creek Brewing Company,Fort Collins,Colorado
442,O'Fallon Brewery,O'Fallon,Missouri
443,Marble Brewery,Albuquerque,New Mexico
444,Big Wood Brewery,Vadnais Heights,Minnesota
445,Howard Brewing Company,Lenoir,North Carolina
446,Downeast Cider House,Leominster,Massachusetts
447,Swamp Head Brewery,Gainesville,Florida
448,Mavericks Beer Company,Half Moon Bay,California
449,TailGate Beer,San Diego,California
450,Northwest Brewing Company,Pacific,Washington
451,Dad & Dude's Breweria,Aurora,Colorado
452,Centennial Beer Company,Edwards,Colorado
453,Denali Brewing Company,Talkeetna,Alaska
454,Deschutes Brewery,Bend,Oregon
455,Sunken City Brewing Company,Hardy,Virginia
456,Lucette Brewing Company,Menominie,Wisconsin
457,The Black Tooth Brewing Company,Sheridan,Wyoming
458,Kenai River Brewing Company,Soldotna,Alaska
459,River North Brewery,Denver,Colorado
460,Fremont Brewing Company,Seattle,Washington
461,Armstrong Brewing Company,South San Francisco,California
462,AC Golden Brewing Company,Golden,Colorado
463,Big Bend Brewing Company,Alpine,Texas
464,Good Life Brewing Company,Bend,Oregon
465,Engine 15 Brewing,Jacksonville Beach,Florida
466,Green Room Brewing,Jacksonville,Florida
467,Brindle Dog Brewing Company,Tampa Bay,Florida
468,Peace Tree Brewing Company,Knoxville,Iowa
469,Terrapin Brewing Company,Athens,Georgia
470,Pete's Brewing Company,San Antonio,Texas
471,Okoboji Brewing Company,Spirit Lake,Iowa
472,Crystal Springs Brewing Company,Boulder,Colorado
473,Engine House 9,Tacoma,Washington
474,Tonka Beer Company,Minnetonka,Minnesota
475,Red Hare Brewing Company,Marietta,Georgia
476,Hangar 24 Craft Brewery,Redlands,California
477,Big Elm Brewing,Sheffield,Massachusetts
478,Good People Brewing Company,Birmingham,Alabama
479,Heavy Seas Beer,Halethorpe,Maryland
480,Telluride Brewing Company,Telluride,Colorado
481,7 Seas Brewing Company,Gig Harbor,Washington
482,Confluence Brewing Company,Des Moines,Iowa
483,Bale Breaker Brewing Company,Yakima,Washington
484,The Manhattan Brewing Company,New York,New York
485,MacTarnahans Brewing Company,Portland,Oregon
486,Stillmank Beer Company,Green Bay,Wisconsin
487,Redhook Brewery,Woodinville,Washington
488,Dock Street Brewery,Philadelphia,Pennsylvania
489,Blue Point Brewing Company,Patchogue,New York
490,Tampa Bay Brewing Company,Tampa,Florida
491,Devil's Canyon Brewery,Belmont,California
492,Stone Coast Brewing Company,Portland,Maine
493,Broken Tooth Brewing Company,Anchorage,Alaska
494,Seven Brides Brewery,Silverton,Oregon
495,Newburyport Brewing Company,Newburyport,Massachusetts
496,Dry Dock Brewing Company,Aurora,Colorado
497,Cans Bar and Canteen,Charlotte,North Carolina
498,Sprecher Brewing Company,Glendale,Wisconsin
499,Wildwood Brewing Company,Stevensville,Montana
500,High Noon Saloon And Brewery,Leavenworth,Kansas
501,Woodchuck Hard Cider,Middlebury,Vermont
502,Sea Dog Brewing Company,Portland,Maine
503,Oskar Blues Brewery,Lyons,Colorado
504,Carolina Beer & Beverage,Mooresville,North Carolina
505,Krebs Brewing Company (Pete's Pl...,Krebs,Oklahoma
506,Warbird Brewing Company,Fort Wayne,Indiana
507,Mudshark Brewing Company,Lake Havasu City,Arizona
508,Spilker Ales,Cortland,Nebraska
509,Wingman Brewers,Tacoma,Washington
510,Kettle House Brewing Company,Missoula,Montana
511,Sherwood Forest Brewers,Marlborough,Massachusetts
512,Cottrell Brewing,Pawcatuck,Connecticut
513,Arctic Craft Brewery,Colorado Springs,Colorado
514,Monkey Paw Pub & Brewery,San Diego,California
515,Crabtree Brewing Company,Greeley,Colorado
516,Emerald City Beer Company,Seattle,Washington
517,Butcher's Brewing,Carlsbad,California
518,New South Brewing Company,Myrtle Beach,South Carolina
519,Big River Brewing Company,Chattanooga,Tennessee
520,Twisted Pine Brewing Company,Boulder,Colorado
521,Flying Dog Brewery,Frederick,Maryland
522,Uncommon Brewers,Santa Cruz,California
523,Aspen Brewing Company,Aspen,Colorado
524,Triangle Brewing Company,Durham,North Carolina
525,Bomb Beer Company,New York,New York
526,Churchkey Can Company,Seattle,Washington
527,Intuition Ale Works,Jacksonville,Florida
528,Asheville Brewing Company,Asheville,North Carolina
529,Northwoods Brewpub,Eau Claire,Wisconsin
530,Buckbean Brewing Company,Reno,Nevada
531,Dolores River Brewery,Dolores,Colorado
532,Flat Rock Brewing Company,Smithton,Pennsylvania
533,Abita Brewing Company,Abita Springs,Louisiana
534,Mammoth Brewing Company,Mammoth Lakes,California
535,Harvest Moon Brewing Company,Belt,Montana
536,Grand Canyon Brewing Company,Williams,Arizona
537,Lewis and Clark Brewing Company,Helena,Montana
538,Dundee Brewing Company,Rochester,New York
539,Twin Lakes Brewing Company,Greenville,Delaware
540,Mother Earth Brewing Company,Kinston,North Carolina
541,Arcadia Brewing Company,Battle Creek,Michigan
542,Angry Minnow Brewing Company,Hayward,Wisconsin
543,Great Northern Brewing Company,Whitefish,Montana
544,Pyramid Breweries,Seattle,Washington
545,Lancaster Brewing Company,Lancaster,Pennsylvania
546,Upstate Brewing Company,Elmira,New York
547,Moat Mountain Smoke House & Brew...,North Conway,New Hampshire
548,Prescott Brewing Company,Prescott,Arizona
549,Mogollon Brewing Company,Flagstaff,Arizona
550,Wind River Brewing Company,Pinedale,Wyoming
551,Silverton Brewery,Silverton,Colorado
552,Mickey Finn's Brewery,Libertyville,Illinois
553,Covington Brewhouse,Covington,Louisiana
554,Dave's Brewfarm,Wilson,Wisconsin
555,Ukiah Brewing Company,Ukiah,California
556,Butternuts Beer and Ale,Garrattsville,New York
557,Sleeping Lady Brewing Company,Anchorage,Alaska
