Name,City,State
NorthGate Brewing ,Minneapolis,Minestota
Against the Grain Brewery,Louisville,Kentucky
Jack's Abby Craft Lagers,Framingham,Massachusetts
Mike Hess Brewing Company,San Diego,California
Fort Point Beer Company,San Francisco,California
COAST Brewing Company,Charleston,South Carolina
Great Divide Brewing Company,Denver,Colorado
Tapistry Brewing,Bridgman,Michigan
Big Lake Brewing,Holland,Michigan
The Mitten Brewing Company,Grand Rapids,Michigan
Brewery Vivant,Grand Rapids,Michigan
Petoskey Brewing,Petoskey,Michigan
Blackrocks Brewery,Marquette,Michigan
Perrin Brewing Company,Comstock Park,Michigan
Witch's Hat Brewing Company,South Lyon,Michigan
Founders Brewing Company,Grand Rapids,Michigan
Flat 12 Bierwerks,Indianapolis,Indiana
Tin Man Brewing Company,Evansville,Indiana
Black Acre Brewing Co.,Indianapolis,Indiana
Brew Link Brewing,Plainfield,Indiana
Bare Hands Brewery,Granger,Indiana
Three Pints Brewing,Martinsville,Indiana
Four Fathers Brewing ,Valparaiso,Indiana
Indiana City Brewing,Indianapolis,Indiana
Burn 'Em Brewing,Michigan City,Indiana
Sun King Brewing Company,Indianapolis,Indiana
Evil Czech Brewery,Mishawaka,Indiana
450 North Brewing Company,Columbus,Indiana
Taxman Brewing Company,Bargersville,Indiana
Cedar Creek Brewery,Seven Points,Texas
SanTan Brewing Company,Chandler,Arizona
Boulevard Brewing Company,Kansas City,Missouri
James Page Brewing Company,Stevens Point,Wisconsin
The Dudes' Brewing Company,Torrance,California
Ballast Point Brewing Company,San Diego,California
Anchor Brewing Company,San Francisco,California
Figueroa Mountain Brewing Company,Buellton,California
Avery Brewing Company,Boulder,Colorado
Twisted X Brewing Company,Dripping Springs,Texas
Gonzo's BiggDogg Brewing,Kalamazoo,Michigan
Big Muddy Brewing,Murphysboro,Illinois
Lost Nation Brewing,East Fairfield,Vermont
Rising Tide Brewing Company,Portland,Maine
Rivertowne Brewing Company,Export,Pennsylvania
Revolution Brewing Company,Chicago,Illinois
Tallgrass Brewing Company,Manhattan,Kansas
Sixpoint Craft Ales,Brooklyn,New York
White Birch Brewing,Hooksett,New Hampshire
Firestone Walker Brewing Company,Paso Robles,California
SweetWater Brewing Company,Atlanta,Georgia
Flying Mouse Brewery,Troutville,Virginia
Upslope Brewing Company,Boulder,Colorado
Pipeworks Brewing Company,Chicago,Illinois
Bent Brewstillery,Roseville,Minnesota
Flesk Brewing Company,Lombard,Illinois
Pollyanna Brewing Company,Lemont,Illinois
BuckleDown Brewing,Lyons,Illinois
Destihl Brewery,Bloomington,Illinois
Summit Brewing Company,St. Paul,Minnesota
Latitude 42 Brewing Company,Portage,Michigan
4 Hands Brewing Company,Saint Louis,Missouri
Surly Brewing Company,Brooklyn Center,Minnesota
Against The Grain Brewery,Louisville,Kentucky
Crazy Mountain Brewing Company,Edwards,Colorado
SlapShot Brewing Company,Chicago,Illinois
Mikerphone Brewing,Chicago,Illinois
Freetail Brewing Company,San Antonio,Texas
3 Daughters Brewing,St Petersburg,Florida
Red Shedman Farm Brewery and Hop...,Mt. Airy,Maryland
Appalachian Mountain Brewery,Boone,North Carolina
Birdsong Brewing Company,Charlotte,North Carolina
Union Craft Brewing,Baltimore,Maryland
Atwater Brewery,Detroit,Michigan
Ale Asylum,Madison,Wisconsin
Two Brothers Brewing Company,Warrenville,Illinois
Bent Paddle Brewing Company,Duluth,Minnesota
Bell's Brewery,Kalamazoo,Michigan
Blue Owl Brewing,Austin,Texas
Speakasy Ales & Lagers,San Francisco,California
Black Tooth Brewing Company,Sheridan,Wyoming
Hopworks Urban Brewery,Portland,Oregon
Epic Brewing,Denver,Colorado
New Belgium Brewing Company,Fort Collins,Colorado
Sierra Nevada Brewing Company,Chico,California
Keweenaw Brewing Company,Houghton,Michigan
Brewery Terra Firma,Traverse City,Michigan
Grey Sail Brewing Company,Westerly,Rhode Island
Kirkwood Station Brewing Company,Kirkwood,Missouri
Goose Island Brewing Company,Chicago,Illinois
Broad Brook Brewing LLC,East Windsor,Connecticut
The Lion Brewery,Wilkes-Barre,Pennsylvania
Madtree Brewing Company,Cincinnati,Ohio
Jackie O's Pub & Brewery,Athens,Ohio
Rhinegeist Brewery,Cincinnati,Ohio
Warped Wing Brewing Company,Dayton,Ohio
Blackrocks Brewery,Marquette,Massachusetts
Catawba Valley Brewing Company,Morganton,North Carolina
TrÃ¶egs Brewing Company,Hershey,Pennsylvania
Mission Brewery,San Diego,California
Christian Moerlein Brewing Company,Cincinnati,Ohio
West Sixth Brewing,Lexington,Kentucky
Coastal Extreme Brewing Company,Newport,Rhode Island
King Street Brewing Company,Anchorage,Alaska
Beer Works Brewery,Lowell,Massachusetts
Lone Tree Brewing Company,Lone Tree,Colorado
Four String Brewing Company,Columbus,Ohio
Glabrous Brewing Company,Pineland,Maine
Bonfire Brewing Company,Eagle,Colorado
Thomas Hooker Brewing Company,Bloomfield,Connecticut
"Woodstock Inn, Station & Brewery",North Woodstock,New Hampshire
Renegade Brewing Company,Denver,Colorado
Mother Earth Brew Company,Vista,California
Black Market Brewing Company,Temecula,California
Vault Brewing Company,Yardley,Pennsylvania
Jailbreak Brewing Company,Laurel,Maryland
Smartmouth Brewing Company,Norfolk,Virginia
Base Camp Brewing Co.,Portland,Oregon
Alameda Brewing,Portland,Oregon
Southern Star Brewing Company,Conroe,Texas
Steamworks Brewing Company,Durango,Colorado
Horny Goat Brew Pub,Milwaukee,Wisconsin
Cheboygan Brewing Company,Cheboygan,Michigan
Center of the Universe Brewing C...,Ashland,Virginia
Ipswich Ale Brewery,Ipswich,Massachusetts
Griffin Claw Brewing Company,Birmingham,Michigan
Karbach Brewing Company,Houston,Texas
Uncle Billy's Brewery and Smokeh...,Austin,Texas
Deep Ellum Brewing Company,Dallas,Texas
Real Ale Brewing Company,Blanco,Texas
Straub Brewery,St Mary's,Pennsylvania
Shebeen Brewing Company,Wolcott,Connecticut
Stevens Point Brewery,Stevens Point,Wisconsin
Weston Brewing Company,Weston,Missouri
Southern Prohibition Brewing Com...,Hattiesburg,Mississippi
Minhas Craft Brewery,Monroe,Wisconsin
Pug Ryan's Brewery,Dillon,Colorado
Hops & Grains Brewing Company,Austin,Texas
Sietsema Orchards and Cider Mill,Ada,Michigan
Summit Brewing Company,St Paul,Minnesota
Core Brewing & Distilling Company,Springdale,Arkansas
Independence Brewing Company,Austin,Texas
Cigar City Brewing Company,Tampa,Florida
Third Street Brewhouse,Cold Spring,Minnesota
Narragansett Brewing Company,Providence,Rhode Island
Grimm Brothers Brewhouse,Loveland,Colorado
Cisco Brewers,Nantucket,Massachusetts
Angry Minnow,Hayward,Wisconsin
Platform Beer Company,Cleveland,Ohio
Odyssey Beerwerks,Arvada,Colorado
Lonerider Brewing Company,Raleigh,North Carolina
Oakshire Brewing,Eugene,Oregon
Fort Pitt Brewing Company,Latrobe,Pennsylvania
Tin Roof Brewing Company,Baton Rouge,Louisiana
Three Creeks Brewing,Sisters,Oregon
2 Towns Ciderhouse,Corvallis,Oregon
Caldera Brewing Company,Ashland,Oregon
Greenbrier Valley Brewing Company,Lewisburg,West Virginia
Phoenix Ale Brewery,Phoenix,Arizona
Lumberyard Brewing Company,Flagstaff,Arizona
Uinta Brewing Company,Salt Lake City,Utah
Four Peaks Brewing Company,Tempe,Arizona
Martin House Brewing Company,Fort Worth,Texas
Right Brain Brewery,Traverse City,Michigan
Sly Fox Brewing Company,Phoenixville,Pennsylvania
Round Guys Brewing,Lansdale,Pennsylvania
Great Crescent Brewery,Aurora,Indiana
Oskar Blues Brewery,Longmont,Colorado
Boxcar Brewing Company,West Chester,Pennsylvania
High Hops Brewery,Windsor,Colorado
Crooked Fence Brewing Company,Garden City,Idaho
Everybody's Brewing,White Salmon,Washington
Anderson Valley Brewing Company,Boonville,California
Fiddlehead Brewing Company,Shelburne,Vermont
Evil Twin Brewing,Brooklyn,New York
New Orleans Lager & Ale Brewing ...,New Orleans,Louisiana
Spiteful Brewing Company,Chicago,Illinois
Rahr & Sons Brewing Company,Fort Worth,Texas
18th Street Brewery,Gary,Indiana
Cambridge Brewing Company,Cambridge,Massachusetts
Carolina Brewery,Pittsboro,North Carolina
Frog Level Brewing Company,Waynesville,North Carolina
Wild Wolf Brewing Company,Nellysford,Virginia
COOP Ale Works,Oklahoma City,Oklahoma
Seventh Son Brewing Company,Columbus,Ohio
Oasis Texas Brewing Company,Austin,Texas
Vander Mill Ciders,Spring Lake,Michigan
St. Julian Winery,Paw Paw,Michigan
Pedernales Brewing Company,Fredericksburg,Texas
Mother's Brewing,Springfield,Missouri
Modern Monks Brewery,Lincoln,Nebraska
Two Beers Brewing Company,Seattle,Washington
Snake River Brewing Company,Jackson,Wyoming
Capital Brewery,Middleton,Wisconsin
Anthem Brewing Company,Oklahoma City,Oklahoma
Goodlife Brewing Co.,Bend,Oregon
Breakside Brewery,Portland,Oregon
Goose Island Brewery Company,Chicago,Illinois
Burnside Brewing Co.,Portland,Oregon
Hop Valley Brewing Company,Springfield,Oregon
Worthy Brewing Company,Bend,Oregon
Occidental Brewing Company,Portland,Oregon
Fearless Brewing Company,Estacada,Oregon
Upland Brewing Company,Bloomington,Indiana
Mehana Brewing Co.,Hilo,Hawaii
Hawai'i Nui Brewing Co.,Hilo,Hawaii
People's Brewing Company,Lafayette,Indiana
Fort George Brewery,Astoria,Oregon
Branchline Brewing Company,San Antonio,Texas
Kalona Brewing Company,Kalona,Iowa
Modern Times Beer,San Diego,California
Temperance Beer Company,Evanston,Illinois
Wisconsin Brewing Company,Verona,Wisconsin
Crow Peak Brewing Company,Spearfish,South Dakota
Grapevine Craft Brewery,Farmers Branch,Texas
Buffalo Bayou Brewing Company,Houston,Texas
Texian Brewing Co.,Richmond,Texas
Orpheus Brewing,Atlanta,Georgia
Forgotten Boardwalk,Cherry Hill,New Jersey
Laughing Dog Brewing Company,Ponderay,Idaho
Bozeman Brewing Company,Bozeman,Montana
Big Choice Brewing,Broomfield,Colorado
Big Storm Brewing Company,Odessa,Florida
Carton Brewing Company,Atlantic Highlands,New Jersey
Midnight Sun Brewing Company,Anchorage,Alaska
Fat Head's Brewery,Middleburg Heights,Ohio
Refuge Brewery,Temecula,California
Chatham Brewing,Chatham,New York
DC Brau Brewing Company,Washington,District of Columbia
Geneva Lake Brewing Company,Lake Geneva,Wisconsin
Rochester Mills Brewing Company,Rochester,Michigan
Cape Ann Brewing Company,Gloucester,Massachusetts
Borderlands Brewing Company,Tucson,Arizona
College Street Brewhouse and Pub,Lake Havasu City,Arizona
Joseph James Brewing Company,Henderson,Nevada
Harpoon Brewery,Boston,Massachusetts
Back East Brewing Company,Bloomfield,Connecticut
Champion Brewing Company,Charlottesville,Virginia
Devil's Backbone Brewing Company,Lexington,Virginia
Newburgh Brewing Company,Newburgh,New York
Wiseacre Brewing Company,Memphis,Tennessee
Golden Road Brewing,Los Angeles,California
New Republic Brewing Company,College Station,Texas
Infamous Brewing Company,Austin,Texas
Two Henrys Brewing Company,Plant City,Florida
Lift Bridge Brewing Company,Stillwater,Minnesota
Lucky Town Brewing Company,Jackson,Mississippi
Quest Brewing Company,Greenville,South Carolina
Creature Comforts,Athens,Georgia
Half Full Brewery,Stamford,Connecticut
Southampton Publick House,Southampton,New York
Chapman's Brewing,Angola,Indiana
Barrio Brewing Company,Tucson,Arizona
Santa Cruz Mountain Brewing,Santa Cruz,California
Frankenmuth Brewery,Frankenmuth,Michigan
Meckley's Cidery,Somerset Center,Michigan
Stillwater Artisanal Ales,Baltimore,Maryland
Finch's Beer Company,Chicago,Illinois
South Austin Brewery,South Austin,Texas
Bauhaus Brew Labs,Minneapolis,Minnesota
Ozark Beer Company,Rogers,Arkansas
Mountain Town Brewing Company ,Mount Pleasant,Michigan
Otter Creek Brewing,Waterbury,Vermont
The Brewer's Art,Baltimore,Maryland
Denver Beer Company,Denver,Colorado
Ska Brewing Company,Durango,Colorado
Tractor Brewing Company,Albuquerque,New Mexico
Peak Organic Brewing Company,Portland,Maine
Cape Cod Beer,Hyannis,Massachusetts
Long Trail Brewing Company,Bridgewater Corners,Vermont
Great Raft Brewing Company,Shreveport,Louisiana
Alaskan Brewing Company,Juneau,Alaska
Notch Brewing Company,Ipswich,Massachusetts
The Alchemist,Waterbury,Vermont
Three Notch'd Brewing Company,Charlottesville,Virginia
Portside Brewery,Cleveland,Ohio
Otter Creek Brewing,Middlebury,Vermont
Montauk Brewing Company,Montauk,New York
Indeed Brewing Company,Minneapolis,Minnesota
Berkshire Brewing Company,South Deerfield,Massachusetts
Foolproof Brewing Company,Pawtucket,Rhode Island
Headlands Brewing Company,Mill Valley,California
Bolero Snort Brewery,Ridgefield Park,New Jersey
Thunderhead Brewing Company,Kearney,Nebraska
Defiance Brewing Company,Hays,Kansas
Milwaukee Brewing Company,Milwaukee,Wisconsin
Catawba Island Brewing,Port Clinton,Ohio
Back Forty Beer Company,Gadsden,Alabama
Four Corners Brewing Company,Dallas,Texas
Saint Archer Brewery,San Diego,California
Rogue Ales,Newport,Oregon
Hale's Ales,Seattle,Washington
Tommyknocker Brewery,Idaho Springs,Colorado
Baxter Brewing Company,Lewiston,Maine
Northampton Brewery,Northamtpon,Massachusetts
Black Shirt Brewing Company,Denver,Colorado
Wachusett Brewing Company,Westminster,Massachusetts
Widmer Brothers Brewing Company,Portland,Oregon
Hop Farm Brewing Company,Pittsburgh,Pennsylvania
Liquid Hero Brewery,York,Pennsylvania
Matt Brewing Company,Utica,New York
Boston Beer Company,Boston,Massachusetts
Old Forge Brewing Company,Danville,Pennsylvania
Utah Brewers Cooperative,Salt Lake City,Utah
Magic Hat Brewing Company,South Burlington,Vermont
Blue Hills Brewery,Canton,Massachusetts
Night Shift Brewing,Everett,Massachusetts
Beach Brewing Company,Virginia Beach,Virginia
Payette Brewing Company,Garden City,Idaho
Brew Bus Brewing,Tampa,Florida
Sockeye Brewing Company,Boise,Idaho
Pine Street Brewery,San Francisco,California
Dirty Bucket Brewing Company,Woodinville,Washington
Jackalope Brewing Company,Nashville,Tennessee
Slanted Rock Brewing Company,Meridian,Idaho
Piney River Brewing Company,Bucryus,Missouri
Cutters Brewing Company,Avon,Indiana
Iron Hill Brewery & Restaurant,Wilmington,Delaware
Marshall Wharf Brewing Company,Belfast,Maine
Banner Beer Company,Williamsburg,Massachusetts
Dick's Brewing Company,Centralia,Washington
Claremont Craft Ales,Claremont,California
Rivertown Brewing Company,Lockland,Ohio
Voodoo Brewery,Meadville,Pennsylvania
D.L. Geary Brewing Company,Portland,Maine
Pisgah Brewing Company,Black Mountain,North Carolina
Neshaminy Creek Brewing Company,Croydon,Pennsylvania
Morgan Street Brewery,Saint Louis,Missouri
Half Acre Beer Company,Chicago,Illinois
The Just Beer Project,Burlington,Vermont
The Bronx Brewery,Bronx,New York
Dead Armadillo Craft Brewing,Tulsa,Oklahoma
Catawba Brewing Company,Morganton,North Carolina
La Cumbre Brewing Company,Albuquerque,New Mexico
David's Ale Works,Diamond Springs,California
The Traveler Beer Company,Burlington,Vermont
Fargo Brewing Company,Fargo,North Dakota
Big Sky Brewing Company,Missoula,Montana
Nebraska Brewing Company,Papillion,Nebraska
Uncle John's Fruit House Winery,St. John's,Michigan
Wormtown Brewery,Worcester,Massachusetts
Due South Brewing Company,Boynton Beach,Florida
Palisade Brewing Company,Palisade,Colorado
KelSo Beer Company,Brooklyn,New York
Hardywood Park Craft Brewery,Richmond,Virginia
Wolf Hills Brewing Company,Abingdon,Virginia
Lavery Brewing Company,Erie,Pennsylvania
Manzanita Brewing Company,Santee,California
Fullsteam Brewery,Durham,North Carolina
Four Horsemen Brewing Company,South Bend,Indiana
Hinterland Brewery,Green Bay,Wisconsin
Central Coast Brewing Company,San Luis Obispo,California
Westfield River Brewing Company,Westfield,Massachusetts
Elevator Brewing Company,Columbus,Ohio
Aslan Brewing Company,Bellingham,Washington
Kulshan Brewery,Bellingham,Washington
Pikes Peak Brewing Company,Monument,Colorado
Manayunk Brewing Company,Philadelphia,Pennsylvania
Buckeye Brewing,Cleveland,Ohio
Daredevil Brewing Company,Shelbyville,Indiana
NoDa Brewing Company,Charlotte,North Carolina
Aviator Brewing Company,Fuquay-Varina,North Carolina
Wild Onion Brewing Company,Lake Barrington,Illinois
Hilliard's Beer,Seattle,Washington
Mikkeller,Pottstown,Pennsylvania
Bohemian Brewery,Midvale,Utah
Great River Brewery,Davenport,Iowa
Mustang Brewing Company,Mustang,Oklahoma
Airways Brewing Company,Kent,Washington
21st Amendment Brewery,San Francisco,California
Eddyline Brewery & Restaurant,Buena Vista,Colorado
Pizza Port Brewing Company,Carlsbad,California
Sly Fox Brewing Company,Pottstown,Pennsylvania
Spring House Brewing Company,Conestoga,Pennsylvania
7venth Sun,Dunedin,Florida
Astoria Brewing Company,Astoria,Oregon
Maui Brewing Company,Lahaina,Hawaii
RoughTail Brewing Company,Midwest City,Oklahoma
Lucette Brewing Company,Menominee,Wisconsin
Bold City Brewery,Jacksonville,Florida
Grey Sail Brewing of Rhode Island,Westerly,Rhode Island
Blue Blood Brewing Company,Lincoln,Nebraska
Swashbuckler Brewing Company,Manheim,Pennsylvania
Blue Mountain Brewery,Afton,Virginia
Starr Hill Brewery,Crozet,Virginia
Westbrook Brewing Company,Mt. Pleasant,South Carolina
Shipyard Brewing Company,Portland,Maine
Revolution Brewing,Paonia,Colorado
Natian Brewery,Portland,Oregon
Alltech's Lexington Brewing Company,Lexington,Kentucky
Oskar Blues Brewery (North Carol...,Brevard,North Carolina
Orlison Brewing Company,Airway Heights,Washington
Breckenridge Brewery,Denver,Colorado
Santa Fe Brewing Company,Santa Fe,New Mexico
Miami Brewing Company,Miami,Florida
Schilling & Company,Seattle,Washington
Hops & Grain Brewery,Austin,Texas
White Flame Brewing Company,Hudsonville,Michigan
Ruhstaller Beer Company,Sacramento,California
Saugatuck Brewing Company,Douglas,Michigan
Moab Brewery,Moab,Utah
Macon Beer Company,Macon,Georgia
Amnesia Brewing Company,Washougal,Washington
Wolverine State Brewing Company,Ann Arbor,Michigan
Red Tank Cider Company,Bend,Oregon
Cascadia Ciderworks United,Portland,Oregon
Fate Brewing Company,Boulder,Colorado
Lazy Monk Brewing,Eau Claire,Wisconsin
Bitter Root Brewing,Hamilton,Montana
10 Barrel Brewing Company,Bend,Oregon
Tamarack Brewing Company,Lakeside,Montana
New England Brewing Company,Woodbridge,Connecticut
Seattle Cider Company,Seattle,Washington
Straight to Ale,Huntsville,Alabama
Austin Beerworks,Austin,Texas
Blue Mountain Brewery,Arrington,Virginia
Coastal Empire Beer Company,Savannah,Georgia
Jack's Hard Cider (Hauser Estate...,Biglerville,Pennsylvania
Boulder Beer Company,Boulder,Colorado
Coalition Brewing Company,Portland,Oregon
Sanitas Brewing Company,Boulder,Colorado
Gore Range Brewery,Edwards,Colorado
Redstone Meadery,Boulder,Colorado
Blue Dog Mead,Eugene,Oregon
Hess Brewing Company,San Diego,California
Wynkoop Brewing Company,Denver,Colorado
Ciderboys,Stevens Point,Wisconsin
Armadillo Ale Works,Denton,Texas
Roanoke Railhouse Brewery,Roanoke,Virginia
Schlafly Brewing Company,Saint Louis,Missouri
Asher Brewing Company,Boulder,Colorado
Lost Rhino Brewing Company,Ashburn,Virginia
North Country Brewing Company,Slippery Rock,Pennsylvania
Seabright Brewery,Santa Cruz,California
French Broad Brewery,Asheville,North Carolina
Angry Orchard Cider Company,Cincinnati,Ohio
Two Roads Brewing Company,Stratford,Connecticut
Southern Oregon Brewing Company,Medford,Oregon
Brooklyn Brewery,Brooklyn,New York
The Right Brain Brewery,Traverse City,Michigan
Kona Brewing Company,Kona,Hawaii
MillKing It Productions,Royal Oak,Michigan
Pateros Creek Brewing Company,Fort Collins,Colorado
O'Fallon Brewery,O'Fallon,Missouri
Marble Brewery,Albuquerque,New Mexico
Big Wood Brewery,Vadnais Heights,Minnesota
Howard Brewing Company,Lenoir,North Carolina
Downeast Cider House,Leominster,Massachusetts
Swamp Head Brewery,Gainesville,Florida
Mavericks Beer Company,Half Moon Bay,California
TailGate Beer,San Diego,California
Northwest Brewing Company,Pacific,Washington
Dad & Dude's Breweria,Aurora,Colorado
Centennial Beer Company,Edwards,Colorado
Denali Brewing Company,Talkeetna,Alaska
Deschutes Brewery,Bend,Oregon
Sunken City Brewing Company,Hardy,Virginia
Lucette Brewing Company,Menominie,Wisconsin
The Black Tooth Brewing Company,Sheridan,Wyoming
Kenai River Brewing Company,Soldotna,Alaska
River North Brewery,Denver,Colorado
Fremont Brewing Company,Seattle,Washington
Armstrong Brewing Company,South San Francisco,California
AC Golden Brewing Company,Golden,Colorado
Big Bend Brewing Company,Alpine,Texas
Good Life Brewing Company,Bend,Oregon
Engine 15 Brewing,Jacksonville Beach,Florida
Green Room Brewing,Jacksonville,Florida
Brindle Dog Brewing Company,Tampa Bay,Florida
Peace Tree Brewing Company,Knoxville,Iowa
Terrapin Brewing Company,Athens,Georgia
Pete's Brewing Company,San Antonio,Texas
Okoboji Brewing Company,Spirit Lake,Iowa
Crystal Springs Brewing Company,Boulder,Colorado
Engine House 9,Tacoma,Washington
Tonka Beer Company,Minnetonka,Minnesota
Red Hare Brewing Company,Marietta,Georgia
Hangar 24 Craft Brewery,Redlands,California
Big Elm Brewing,Sheffield,Massachusetts
Good People Brewing Company,Birmingham,Alabama
Heavy Seas Beer,Halethorpe,Maryland
Telluride Brewing Company,Telluride,Colorado
7 Seas Brewing Company,Gig Harbor,Washington
Confluence Brewing Company,Des Moines,Iowa
Bale Breaker Brewing Company,Yakima,Washington
The Manhattan Brewing Company,New York,New York
MacTarnahans Brewing Company,Portland,Oregon
Stillmank Beer Company,Green Bay,Wisconsin
Redhook Brewery,Woodinville,Washington
Dock Street Brewery,Philadelphia,Pennsylvania
Blue Point Brewing Company,Patchogue,New York
Tampa Bay Brewing Company,Tampa,Florida
Devil's Canyon Brewery,Belmont,California
Stone Coast Brewing Company,Portland,Maine
Broken Tooth Brewing Company,Anchorage,Alaska
Seven Brides Brewery,Silverton,Oregon
Newburyport Brewing Company,Newburyport,Massachusetts
Dry Dock Brewing Company,Aurora,Colorado
Cans Bar and Canteen,Charlotte,North Carolina
Sprecher Brewing Company,Glendale,Wisconsin
Wildwood Brewing Company,Stevensville,Montana
High Noon Saloon And Brewery,Leavenworth,Kansas
Woodchuck Hard Cider,Middlebury,Vermont
Sea Dog Brewing Company,Portland,Maine
Oskar Blues Brewery,Lyons,Colorado
Carolina Beer & Beverage,Mooresville,North Carolina
Krebs Brewing Company (Pete's Pl...,Krebs,Oklahoma
Warbird Brewing Company,Fort Wayne,Indiana
Mudshark Brewing Company,Lake Havasu City,Arizona
Spilker Ales,Cortland,Nebraska
Wingman Brewers,Tacoma,Washington
Kettle House Brewing Company,Missoula,Montana
Sherwood Forest Brewers,Marlborough,Massachusetts
Cottrell Brewing,Pawcatuck,Connecticut
Arctic Craft Brewery,Colorado Springs,Colorado
Monkey Paw Pub & Brewery,San Diego,California
Crabtree Brewing Company,Greeley,Colorado
Emerald City Beer Company,Seattle,Washington
Butcher's Brewing,Carlsbad,California
New South Brewing Company,Myrtle Beach,South Carolina
Big River Brewing Company,Chattanooga,Tennessee
Twisted Pine Brewing Company,Boulder,Colorado
Flying Dog Brewery,Frederick,Maryland
Uncommon Brewers,Santa Cruz,California
Aspen Brewing Company,Aspen,Colorado
Triangle Brewing Company,Durham,North Carolina
Bomb Beer Company,New York,New York
Churchkey Can Company,Seattle,Washington
Intuition Ale Works,Jacksonville,Florida
Asheville Brewing Company,Asheville,North Carolina
Northwoods Brewpub,Eau Claire,Wisconsin
Buckbean Brewing Company,Reno,Nevada
Dolores River Brewery,Dolores,Colorado
Flat Rock Brewing Company,Smithton,Pennsylvania
Abita Brewing Company,Abita Springs,Louisiana
Mammoth Brewing Company,Mammoth Lakes,California
Harvest Moon Brewing Company,Belt,Montana
Grand Canyon Brewing Company,Williams,Arizona
Lewis and Clark Brewing Company,Helena,Montana
Dundee Brewing Company,Rochester,New York
Twin Lakes Brewing Company,Greenville,Delaware
Mother Earth Brewing Company,Kinston,North Carolina
Arcadia Brewing Company,Battle Creek,Michigan
Angry Minnow Brewing Company,Hayward,Wisconsin
Great Northern Brewing Company,Whitefish,Montana
Pyramid Breweries,Seattle,Washington
Lancaster Brewing Company,Lancaster,Pennsylvania
Upstate Brewing Company,Elmira,New York
Moat Mountain Smoke House & Brew...,North Conway,New Hampshire
Prescott Brewing Company,Prescott,Arizona
Mogollon Brewing Company,Flagstaff,Arizona
Wind River Brewing Company,Pinedale,Wyoming
Silverton Brewery,Silverton,Colorado
Mickey Finn's Brewery,Libertyville,Illinois
Covington Brewhouse,Covington,Louisiana
Dave's Brewfarm,Wilson,Wisconsin
Ukiah Brewing Company,Ukiah,California
Butternuts Beer and Ale,Garrattsville,New York
Sleeping Lady Brewing Company,Anchorage,Alaska
